loss,balanced_accuracy,roc_auc,pr_auc,precision,recall,map,ndcg,model_name
0.6866651693403332,0.5868855751368178,0.6295389170273283,0.6096933399646535,0.05334040296924708,0.027889736405137647,0.10724792132511625,0.16970784180305368,<libreco.algorithms.deepfm.DeepFM object at 0x000001097B08FE50>
7.076524836141595,0.5,0.6599498313643535,0.6409589632542061,0.05249204665959703,0.029772180392667033,0.14615662312994326,0.19997959876950575,<libreco.algorithms.graphsage.GraphSage object at 0x000001090574DBD0>
0.6470670595093339,0.6271024752723804,0.6786610724106892,0.6427053952278919,0.0647932131495228,0.03252796766005856,0.17411596098893015,0.23390262598932124,<libreco.algorithms.pinsage.PinSage object at 0x00000109022ADB90>
0.6851364142193277,0.5632123311743737,0.5831918936952817,0.588376054498682,0.043584305408271476,0.02405137394757286,0.13781820442270754,0.1811801978408793,<libreco.algorithms.wide_deep.WideDeep object at 0x000001090239DD50>
0.6809134752649623,0.5684842094692976,0.603080347835746,0.5980511560006795,0.05068928950159066,0.03150278557766112,0.17777116908785648,0.22281469288040193,<libreco.algorithms.youtube_ranking.YouTubeRanking object at 0x0000010911EE94D0>
